{
    "type2": {
        "summary": {
            "mean_metrics": {
                "auc_roc": 1.0,
                "accuracy": 1.0,
                "precision": 1.0,
                "recall_sensitivity": 1.0,
                "specificity": 1.0,
                "f1_score": 1.0,
                "mcc": 1.0,
                "fold": 3.0
            },
            "std_dev_metrics": {
                "auc_roc": 0.0,
                "accuracy": 0.0,
                "precision": 0.0,
                "recall_sensitivity": 0.0,
                "specificity": 0.0,
                "f1_score": 0.0,
                "mcc": 0.0,
                "fold": 1.5811388300841898
            }
        },
        "feature_importance": {
            "non_reviewed_score": 0.10578650173679136,
            "reviewed_score": 0.10092567552572507,
            "hmm_neg": -0.026863130527111666,
            "steric_hindrance": -0.025062910120198616,
            "hmm_pos": 0.018489508168344704,
            "length": 0.002130871972244223,
            "type2_motifs": 0.0008109956426439167,
            "hydrophobicity": -0.00019680832451152058,
            "hydrophobic_percent": -0.00015613559040744793,
            "non_reviewed_identity": -0.0001119263150899227,
            "reviewed_identity": -0.00011094485424991907,
            "charged_percent": -7.838908911531392e-05,
            "reviewed_coverage": -7.699488500547803e-05,
            "non_reviewed_coverage": -6.007526942863166e-05,
            "pro_percent": -1.740006672860858e-05,
            "type4_motifs": -1.135169609896254e-05,
            "type1_motifs": 2.7910339798950085e-08,
            "type3_motifs": 0.0,
            "afgp_motifs": 0.0
        },
        "fold_details": [
            {
                "auc_roc": 1.0,
                "accuracy": 1.0,
                "precision": 1.0,
                "recall_sensitivity": 1.0,
                "specificity": 1.0,
                "f1_score": 1.0,
                "mcc": 1.0,
                "confusion_matrix": {
                    "tp": 12,
                    "tn": 11,
                    "fp": 0,
                    "fn": 0
                },
                "fold": 1
            },
            {
                "auc_roc": 1.0,
                "accuracy": 1.0,
                "precision": 1.0,
                "recall_sensitivity": 1.0,
                "specificity": 1.0,
                "f1_score": 1.0,
                "mcc": 1.0,
                "confusion_matrix": {
                    "tp": 12,
                    "tn": 11,
                    "fp": 0,
                    "fn": 0
                },
                "fold": 2
            },
            {
                "auc_roc": 1.0,
                "accuracy": 1.0,
                "precision": 1.0,
                "recall_sensitivity": 1.0,
                "specificity": 1.0,
                "f1_score": 1.0,
                "mcc": 1.0,
                "confusion_matrix": {
                    "tp": 11,
                    "tn": 12,
                    "fp": 0,
                    "fn": 0
                },
                "fold": 3
            },
            {
                "auc_roc": 1.0,
                "accuracy": 1.0,
                "precision": 1.0,
                "recall_sensitivity": 1.0,
                "specificity": 1.0,
                "f1_score": 1.0,
                "mcc": 1.0,
                "confusion_matrix": {
                    "tp": 11,
                    "tn": 12,
                    "fp": 0,
                    "fn": 0
                },
                "fold": 4
            },
            {
                "auc_roc": 1.0,
                "accuracy": 1.0,
                "precision": 1.0,
                "recall_sensitivity": 1.0,
                "specificity": 1.0,
                "f1_score": 1.0,
                "mcc": 1.0,
                "confusion_matrix": {
                    "tp": 11,
                    "tn": 11,
                    "fp": 0,
                    "fn": 0
                },
                "fold": 5
            }
        ]
    },
    "type3": {
        "summary": {
            "mean_metrics": {
                "auc_roc": 0.968,
                "accuracy": 0.9800000000000001,
                "precision": 1.0,
                "recall_sensitivity": 0.96,
                "specificity": 1.0,
                "f1_score": 0.9777777777777779,
                "mcc": 0.9632993161855452,
                "fold": 3.0
            },
            "std_dev_metrics": {
                "auc_roc": 0.07155417527999323,
                "accuracy": 0.04472135954999579,
                "precision": 0.0,
                "recall_sensitivity": 0.08944271909999157,
                "specificity": 0.0,
                "f1_score": 0.04969039949999535,
                "mcc": 0.0820652238298472,
                "fold": 1.5811388300841898
            }
        },
        "feature_importance": {
            "hmm_neg": -0.09987838180463963,
            "hmm_pos": 0.09533072865437661,
            "non_reviewed_score": 0.06146003825737466,
            "reviewed_score": 0.04922000416863903,
            "steric_hindrance": 0.007520343333457509,
            "length": 0.0033554490709956698,
            "type3_motifs": 0.0020976631612941513,
            "hydrophobicity": 0.0011195556320618956,
            "non_reviewed_coverage": 0.0004776718908418921,
            "reviewed_coverage": 0.0004272026918819737,
            "reviewed_identity": 0.00042541659908497414,
            "non_reviewed_identity": 0.00036259867925922683,
            "hydrophobic_percent": 0.00025970166299031834,
            "charged_percent": -0.00011131516929921808,
            "pro_percent": 0.00010434640479778123,
            "type2_motifs": -2.253275365847926e-06,
            "type1_motifs": 2.3718611925189952e-07,
            "afgp_motifs": 0.0,
            "type4_motifs": 0.0
        },
        "fold_details": [
            {
                "auc_roc": 1.0,
                "accuracy": 1.0,
                "precision": 1.0,
                "recall_sensitivity": 1.0,
                "specificity": 1.0,
                "f1_score": 1.0,
                "mcc": 1.0,
                "confusion_matrix": {
                    "tp": 5,
                    "tn": 5,
                    "fp": 0,
                    "fn": 0
                },
                "fold": 1
            },
            {
                "auc_roc": 1.0,
                "accuracy": 1.0,
                "precision": 1.0,
                "recall_sensitivity": 1.0,
                "specificity": 1.0,
                "f1_score": 1.0,
                "mcc": 1.0,
                "confusion_matrix": {
                    "tp": 5,
                    "tn": 5,
                    "fp": 0,
                    "fn": 0
                },
                "fold": 2
            },
            {
                "auc_roc": 0.8400000000000001,
                "accuracy": 0.9,
                "precision": 1.0,
                "recall_sensitivity": 0.8,
                "specificity": 1.0,
                "f1_score": 0.8888888888888888,
                "mcc": 0.816496580927726,
                "confusion_matrix": {
                    "tp": 4,
                    "tn": 5,
                    "fp": 0,
                    "fn": 1
                },
                "fold": 3
            },
            {
                "auc_roc": 1.0,
                "accuracy": 1.0,
                "precision": 1.0,
                "recall_sensitivity": 1.0,
                "specificity": 1.0,
                "f1_score": 1.0,
                "mcc": 1.0,
                "confusion_matrix": {
                    "tp": 5,
                    "tn": 4,
                    "fp": 0,