{
    "type2": {
        "summary": {
            "mean_metrics": {
                "auc_roc": 1.0,
                "accuracy": 1.0,
                "precision": 1.0,
                "recall_sensitivity": 1.0,
                "specificity": 1.0,
                "f1_score": 1.0,
                "mcc": 1.0,
                "fold": 3.0
            },
            "std_dev_metrics": {
                "auc_roc": 0.0,
                "accuracy": 0.0,
                "precision": 0.0,
                "recall_sensitivity": 0.0,
                "specificity": 0.0,
                "f1_score": 0.0,
                "mcc": 0.0,
                "fold": 1.5811388300841898
            }
        },
        "feature_importance": {
            "non_reviewed_score": 0.07291014041353897,
            "top1_score": 0.07170978302464584,
            "reviewed_score": 0.07084990480225126,
            "steric_hindrance": -0.020596432759451423,
            "hmm_neg": -0.019676457005323743,
            "hmm_pos": 0.011874967072157447,
            "length": 0.0016329610840397184,
            "type2_motifs": 0.0005601900531034493,
            "medoid_delta_top1_top2_score": -0.0003404791664985333,
            "hydrophobicity": -0.00015561483765646821,
            "hydrophobic_percent": -0.0001262047561904895,
            "top1_identity": -0.00010901474799865883,
            "reviewed_coverage": -9.837921955694058e-05,
            "non_reviewed_identity": -9.754207862653886e-05,
            "reviewed_identity": -9.145476127028658e-05,
            "non_reviewed_coverage": -8.391874343087276e-05,
            "charged_percent": -6.378688710742363e-05,
            "delta_top1_top2": -2.903265610049216e-05,
            "pro_percent": -1.0588962159261851e-05,
            "type4_motifs": -7.735174574039684e-06,
            "type1_motifs": -7.967822214303511e-08,
            "afgp_motifs": 0.0,
            "type3_motifs": 0.0
        },
        "fold_details": [
            {
                "auc_roc": 1.0,
                "accuracy": 1.0,
                "precision": 1.0,
                "recall_sensitivity": 1.0,
                "specificity": 1.0,
                "f1_score": 1.0,
                "mcc": 1.0,
                "confusion_matrix": {
                    "tp": 12,
                    "tn": 11,
                    "fp": 0,
                    "fn": 0
                },
                "fold": 1
            },
            {
                "auc_roc": 1.0,
                "accuracy": 1.0,
                "precision": 1.0,
                "recall_sensitivity": 1.0,
                "specificity": 1.0,
                "f1_score": 1.0,
                "mcc": 1.0,
                "confusion_matrix": {
                    "tp": 12,
                    "tn": 11,
                    "fp": 0,
                    "fn": 0
                },
                "fold": 2
            },
            {
                "auc_roc": 1.0,
                "accuracy": 1.0,
                "precision": 1.0,
                "recall_sensitivity": 1.0,
                "specificity": 1.0,
                "f1_score": 1.0,
                "mcc": 1.0,
                "confusion_matrix": {
                    "tp": 11,
                    "tn": 12,
                    "fp": 0,
                    "fn": 0
                },
                "fold": 3
            },
            {
                "auc_roc": 1.0,
                "accuracy": 1.0,
                "precision": 1.0,
                "recall_sensitivity": 1.0,
                "specificity": 1.0,
                "f1_score": 1.0,
                "mcc": 1.0,
                "confusion_matrix": {
                    "tp": 11,
                    "tn": 12,
                    "fp": 0,
                    "fn": 0
                },
                "fold": 4
            },
            {
                "auc_roc": 1.0,
                "accuracy": 1.0,
                "precision": 1.0,
                "recall_sensitivity": 1.0,
                "specificity": 1.0,
                "f1_score": 1.0,
                "mcc": 1.0,
                "confusion_matrix": {
                    "tp": 11,
                    "tn": 11,
                    "fp": 0,
                    "fn": 0
                },
                "fold": 5
            }
        ]
    },
    "type3": {
        "summary": {
            "mean_metrics": {
                "auc_roc": 0.96,
                "accuracy": 0.9800000000000001,
                "precision": 1.0,
                "recall_sensitivity": 0.96,
                "specificity": 1.0,
                "f1_score": 0.9777777777777779,
                "mcc": 0.9632993161855452,
                "fold": 3.0
            },
            "std_dev_metrics": {
                "auc_roc": 0.08944271909999157,
                "accuracy": 0.04472135954999579,
                "precision": 0.0,
                "recall_sensitivity": 0.08944271909999157,
                "specificity": 0.0,
                "f1_score": 0.04969039949999535,
                "mcc": 0.0820652238298472,
                "fold": 1.5811388300841898
            }
        },
        "feature_importance": {
            "hmm_neg": -0.0940385684956534,
            "hmm_pos": 0.089634997986265,
            "top1_score": 0.04036275273271518,
            "non_reviewed_score": 0.04020426227401368,
            "reviewed_score": 0.03484408630729926,
            "steric_hindrance": 0.007012175057518703,
            "medoid_delta_top1_top2_score": 0.005677156884117423,
            "type3_motifs": 0.0019426618181258154,
            "length": 0.0014217838836502797,
            "hydrophobicity": 0.0011045856263394399,
            "non_reviewed_coverage": 0.000441205747528004,
            "reviewed_coverage": 0.0004039689733029889,
            "reviewed_identity": 0.0003789041263221286,
            "top1_identity": 0.0003321184504466234,
            "non_reviewed_identity": 0.00031372428998313335,
            "hydrophobic_percent": 0.00023872925841942027,
            "pro_percent": 0.00010263542527113616,
            "charged_percent": -9.419574069509428e-05,
            "delta_top1_top2": -2.8391515412015056e-05,
            "type2_motifs": -1.6196569427029474e-06,
            "type1_motifs": 2.1205860923549535e-07,
            "type4_motifs": 0.0,
            "afgp_motifs": 0.0
        },
        "fold_details": [
            {
                "auc_roc": 1.0,
                "accuracy": 1.0,
                "precision": 1.0,
                "recall_sensitivity": 1.0,
                "specificity": 1.0,
                "f1_score": 1.0,
                "mcc": 1.0,
                "confusion_matrix": {
                    "tp": 5,
                    "tn": 5,
                    "fp": 0,
                    "fn": 0
                },
                "fold": 1
            },
            {
                "auc_roc": 1.0,
                "accuracy": 1.0,
                "precision": 1.0,
                "recall_sensitivity": 1.0,
                "specificity": 1.0,
                "f1_score": 1.0,
                "mcc": 1.0,
                "confusion_matrix": {
                    "tp": 5,
                    "tn": 5,
                    "fp": 0,
                    "fn": 0
                },
                "fold": 2
            },
            {
                "auc_roc": 0.8,
                "accuracy": 0.9,
                "precision": 1.0,
                "recall_sensitivity": 0.8,
                "specificity": 1.0,
                "f1_score": 0.8888888888888888,
                "mcc": 0.816496580927726,
                "confusion_matrix": {
                    "tp": 4,
                    "tn": 5,
                    "fp": 0,
                    "fn": 1
                },